{
  "parameters": {
    "N": 128,
    "L": 6.283185307179586,
    "dt": 0.002,
    "nu": 0.008,
    "steps": 1000,
    "schedule": [
      [
        0,
        200,
        0.05,
        "Coupling ON ($\\alpha=0.05$)"
      ],
      [
        200,
        500,
        0.0,
        "Coupling OFF ($\\alpha=0$)"
      ],
      [
        500,
        800,
        0.05,
        "Coupling RESTORED ($\\alpha=0.05$)"
      ],
      [
        800,
        1000,
        0.1,
        "Coupling DOUBLED ($\\alpha=0.10$)"
      ]
    ]
  },
  "steps": [
    0,
    10,
    20,
    30,
    40,
    50,
    60,
    70,
    80,
    90,
    100,
    110,
    120,
    130,
    140,
    150,
    160,
    170,
    180,
    190,
    200,
    210,
    220,
    230,
    240,
    250,
    260,
    270,
    280,
    290,
    300,
    310,
    320,
    330,
    340,
    350,
    360,
    370,
    380,
    390,
    400,
    410,
    420,
    430,
    440,
    450,
    460,
    470,
    480,
    490,
    500,
    510,
    520,
    530,
    540,
    550,
    560,
    570,
    580,
    590,
    600,
    610,
    620,
    630,
    640,
    650,
    660,
    670,
    680,
    690,
    700,
    710,
    720,
    730,
    740,
    750,
    760,
    770,
    780,
    790,
    800,
    810,
    820,
    830,
    840,
    850,
    860,
    870,
    880,
    890,
    900,
    910,
    920,
    930,
    940,
    950,
    960,
    970,
    980,
    990,
    1000
  ],
  "gm_history": [
    0.3024461216349087,
    0.3036836685245576,
    0.3041814616403747,
    0.30426054088139554,
    0.30416024548322185,
    0.3040238904401626,
    0.3038938180978885,
    0.3037804055122724,
    0.3036866008097678,
    0.3036105737676858,
    0.3035486071270878,
    0.3034968626272763,
    0.3034518035449788,
    0.3034101116911892,
    0.3033687311971693,
    0.30332483934255505,
    0.30327583490268567,
    0.3032193404809259,
    0.3031532278582271,
    0.30307559434899534,
    0.0,
    0.0,
    0.0,
    0.0,
    0.0,
    0.0,
    0.0,
    0.0,
    0.0,
    0.0,
    0.0,
    0.0,
    0.0,
    0.0,
    0.0,
    0.0,
    0.0,
    0.0,
    0.0,
    0.0,
    0.0,
    0.0,
    0.0,
    0.0,
    0.0,
    0.0,
    0.0,
    0.0,
    0.0,
    0.0,
    0.29064401717401844,
    0.2898866599885458,
    0.28910795024325553,
    0.28830803314031894,
    0.2874871213678422,
    0.2866454723783531,
    0.28578330396631535,
    0.28490083535519606,
    0.2839983345795764,
    0.28307602756131967,
    0.28213411292747925,
    0.2811728111563134,
    0.28019231758771207,
    0.2791928785247312,
    0.2781748688142281,
    0.27713865973649543,
    0.27608451838433506,
    0.2750126849983893,
    0.2739234372215358,
    0.2728170848643765,
    0.27169399134037664,
    0.27055455748600743,
    0.2693991187665611,
    0.2682279219480742,
    0.2670412451850866,
    0.2658394723738248,
    0.2646230504441148,
    0.2633924288760926,
    0.2621479981283019,
    0.26089006894550965,
    0.5192379638469781,
    0.5166704138936496,
    0.5140784937999714,
    0.5114630130456572,
    0.5088246372842326,
    0.506164048982892,
    0.5034819896576663,
    0.5007792743646337,
    0.49805681239206584,
    0.49531556239715935,
    0.4925564577279959,
    0.4897803654774458,
    0.4869881056763087,
    0.4841805245921438,
    0.48135855842477193,
    0.47852320382676844,
    0.4756754108703746,
    0.47281602177043386,
    0.46994581494171794,
    0.4670655964018587,
    0.4641762658708528
  ],
  "alpha_history": [
    0.05,
    0.05,
    0.05,
    0.05,
    0.05,
    0.05,
    0.05,
    0.05,
    0.05,
    0.05,
    0.05,
    0.05,
    0.05,
    0.05,
    0.05,
    0.05,
    0.05,
    0.05,
    0.05,
    0.05,
    0.0,
    0.0,
    0.0,
    0.0,
    0.0,
    0.0,
    0.0,
    0.0,
    0.0,
    0.0,
    0.0,
    0.0,
    0.0,
    0.0,
    0.0,
    0.0,
    0.0,
    0.0,
    0.0,
    0.0,
    0.0,
    0.0,
    0.0,
    0.0,
    0.0,
    0.0,
    0.0,
    0.0,
    0.0,
    0.0,
    0.05,
    0.05,
    0.05,
    0.05,
    0.05,
    0.05,
    0.05,
    0.05,
    0.05,
    0.05,
    0.05,
    0.05,
    0.05,
    0.05,
    0.05,
    0.05,
    0.05,
    0.05,
    0.05,
    0.05,
    0.05,
    0.05,
    0.05,
    0.05,
    0.05,
    0.05,
    0.05,
    0.05,
    0.05,
    0.05,
    0.1,
    0.1,
    0.1,
    0.1,
    0.1,
    0.1,
    0.1,
    0.1,
    0.1,
    0.1,
    0.1,
    0.1,
    0.1,
    0.1,
    0.1,
    0.1,
    0.1,
    0.1,
    0.1,
    0.1,
    0.1
  ],
  "enstrophy_history": [
    49.627828898150106,
    48.65740647953318,
    47.81053932330408,
    47.054137703418675,
    46.37072460335812,
    45.74933244514084,
    45.182073554476624,
    44.66273511790936,
    44.18614129181449,
    43.74782940971194,
    43.34386754118371,
    42.970742677850396,
    42.62528793925312,
    42.30463315794957,
    42.00617022879955,
    41.727527991915444,
    41.46655323673687,
    41.22129550665845,
    40.98999410180889,
    40.77106619134502,
    40.563095380144404,
    40.364820252111905,
    40.17512284485543,
    39.99301688336677,
    39.81763598019451,
    39.64822182980486,
    39.48411259235031,
    39.32473171209689,
    39.16957725277745,
    39.018212027738535,
    38.87025444972353,
    38.72537021549556,
    38.58326485175491,
    38.44367702868403,
    38.306372944353846,
    38.17114131173861,
    38.03778940028788,
    37.906139441737665,
    37.77602584366892,
    37.647292780375686,
    37.51979229234649,
    37.393382903442465,
    37.26792845887581,
    37.14329739545104,
    37.01936213491537,
    36.895998652469416,
    36.77308625025462,
    36.65050736793861,
    36.5281475660851,
    36.405895582899426,
    36.28364339932319,
    36.1612863862899,
    36.03872342441399,
    35.915857024897754,
    35.79259348169596,
    35.668842998615126,
    35.544519822201316,
    35.4195423761538,
    35.29383336978569,
    35.167319887551244,
    35.039933466461996,
    34.91161014882777,
    34.782290512581625,
    34.65191969766596,
    34.520447414022506,
    34.387827930580215,
    34.254020060518535,
    34.11898712824908,
    33.98269691832703,
    33.84512161777087,
    33.70623774364279,
    33.56602605685437,
    33.42447146974307,
    33.28156294569234,
    33.13729339141761,
    32.991659544091384,
    32.844661853109756,
    32.69630435595991,
    32.54659454662121,
    32.39554323795672,
    32.243164421228485,
    32.08947512211363,
    31.93449525405753,
    31.778247472283336,
    31.62075702722592,
    31.46205161506348,
    31.302161227816693,
    31.14111800443742,
    30.97895608112417,
    30.815711442007046,
    30.651421772958738,
    30.486126317664155,
    30.31986573458039,
    30.152681956536192,
    29.984618054138487,
    29.815718101793138,
    29.6460270465073,
    29.47559058133067,
    29.30445502350238,
    29.13266719608752,
    28.960274313558664
  ]
}