{
  "init_data": {
    "ring": {
      "KE": 1.7041940648199152,
      "enstrophy": 25.907044715368254,
      "H_total": 4.219222802079058e-06,
      "H_abs": 0.11975688862033003,
      "omega_max": 15.74972593597698
    },
    "trefoil": {
      "KE": 3.0692518400142754,
      "enstrophy": 49.627828898150106,
      "H_total": -9.074955193710837,
      "H_abs": 9.140167567754997,
      "omega_max": 15.967557839263058
    },
    "figure_eight": {
      "KE": 10.024025800642487,
      "enstrophy": 95.10318779506937,
      "H_total": 0.20014530749507983,
      "H_abs": 11.0763242319896,
      "omega_max": 16.330984870624206
    },
    "hopf_link": {
      "KE": 1.329803203381547,
      "enstrophy": 30.699912450856466,
      "H_total": -3.6586016266560177,
      "H_abs": 3.7053686078818853,
      "omega_max": 17.565765051599023
    },
    "T25": {
      "KE": 3.8657273679472266,
      "enstrophy": 63.386135038309305,
      "H_total": -17.234231649803114,
      "H_abs": 17.328645701313327,
      "omega_max": 16.579909394250233
    },
    "T27": {
      "KE": 4.962293545017266,
      "enstrophy": 86.41846942807874,
      "H_total": -24.861112413085475,
      "H_abs": 24.994384988986482,
      "omega_max": 18.666831589884453
    }
  },
  "stability": {
    "ring": {
      "helicity": 1.691862232648147,
      "omega": 1.8240062528628422,
      "random": 1.2349988920360309
    },
    "trefoil": {
      "helicity": 1.9809972467391483,
      "omega": 2.2399064437061824,
      "random": 1.2942791202390578
    },
    "figure_eight": {
      "helicity": 2.005808749608322,
      "omega": 2.091882739828084,
      "random": 1.282285324365154
    },
    "hopf_link": {
      "helicity": 2.324599498630928,
      "omega": 2.49822693394367,
      "random": 1.3395841865644675
    },
    "T25": {
      "helicity": 1.7325486942299486,
      "omega": 1.8010877966439192,
      "random": 1.2511543334444926
    },
    "T27": {
      "helicity": 1.9098172838718805,
      "omega": 1.9824556032160527,
      "random": 1.2574807395981515
    }
  },
  "params": {
    "alpha": 0.3,
    "nu": 0.01,
    "N": 128,
    "N_STEPS": 3000
  }
}