{
  "grid": {
    "N": 128,
    "L": 16.0,
    "dx": 0.125
  },
  "ring": {
    "R": 0.4,
    "a": 0.06,
    "M1": 1.0,
    "M2": 1.0
  },
  "separations": [
    1.5,
    2.0,
    2.5,
    3.0,
    3.5,
    4.0,
    4.5,
    5.0,
    5.5,
    6.0
  ],
  "energies": [
    0.6944269358693005,
    0.5109773115415088,
    0.4054669334497633,
    0.33645150401711493,
    0.2876611440508787,
    0.2512970877401136,
    0.22312980558028833,
    0.20065986907130715,
    0.1823129793549808,
    0.16704722003241024
  ],
  "forces": [
    0.3668992486555833,
    0.2889600024195372,
    0.1745258075243939,
    0.11780578939888459,
    0.08515441627700132,
    0.0645313384705904,
    0.050637218668806466,
    0.04081682622530752,
    0.03361264903889691,
    0.030531518645141142
  ],
  "energy_exponent": -1.0243874367721828,
  "force_exponent": -1.9331806233196673
}